Query ID, Top 1 ID, Top 2 ID, Top 3 ID, Top 4 ID, Top 5 ID, Top 6 ID, Top 7 ID, Top 8 ID, Top 9 ID, Top 10 ID,
00aff4dfa8bdb068, af59ee483d50770c, d9ab94d27e717ff0, 9d3e1ec3251f9913, f1123f4ec1dfe477, 5434fe394afb1a02, ec82ff14729ea116, bfb3a81d84fb7df7, 0919b2856a9244a7, de79929cfa8ee22b, a5133fe6e0dd8d24,
037da791b0a8511c, 3f4118de64d89cee, 50f9261668e3330a, b0be7ff7a5160903, 387d7339a3848a16, 7e67cffa4d74fbac, 8ac4190d3ef3d265, 624c1f1dc7a3edd9, 6abe5d7b0a9ecf82, 592253e940b16823, 772995718b0cae31,
052bada89b3e6764, 4affe82f4df347cf, 85e4400798264096, 9fcf921704075917, 9a4c57ee7de19784, b1c1a8ec0e804e0e, e95befa3fe2ed018, 225cdcd8d4addb48, b0d62d272bfcd9b7, 3e54ebf4b96f55ce, 6f3162e323a6a65c,
05764c1dc92763d2, 87093a5ccbb898bd, 18e3e5235ca9137c, c435988ce703a8e1, efb79fec08de4e8a, 460807ab30dee578, 496b7ad701162531, c5055103408c49d6, 289e58d9947023dd, a1943d59620c2331, b391423cb445267e,
05db980a84febbfb, c9c21befbfff81cc, d331ad97e9833aa8, abb10dcaf147da42, 14b3376374397633, 5b1cfd59ed6c1d33, 1ac34a691af90eb5, dd59af1a6d9944b9, ad0d4e7cfabbfdd9, dc288c894e6ed346, ac88ce6bac41458d,
06409833d713ad8d, 4cdb1799f13c62ae, 62510c6fbd12177f, b2b11f2093fc9206, 41ac46d10e1ba6d5, 7938ccd9574b7e45, 8279f3dca9720b37, 093291db2c8330de, 4058408b89046248, 616dfebda663425f, 280027b7c5c28cbc,
0a739b9340453ef7, f0afa51a606f2cc9, acd9ed22e218eca2, 7ef795af72aec089, 9e40fff645baa6ad, 1146eed4e9f23100, 913dc9b8d69a860f, a4fdcf47994cd5cd, 3ffb305c3a593ddd, a996559eb76ecb17, 8f34b72886465cb1,
0a807c964ab8f551, 869ffe47056f6b2a, bd269361164ea4d0, 8b30ae2e3d2ed492, b9df465d81f05290, 1a1c327651cf21f9, e825b81f4ebb7c1d, 910692294adce3e7, ff46c47458a71479, 3c49e66d2db24853, 610ca8d7fb06c00e,
0aabc74d00114c07, b1c1a8ec0e804e0e, 2e1d6eb3aa16861e, 4affe82f4df347cf, 85e4400798264096, ec84ac42f4eae693, 6f3162e323a6a65c, b0d62d272bfcd9b7, 9fcf921704075917, 225cdcd8d4addb48, 3e54ebf4b96f55ce,
0b12f6fdfb2ac497, a6f7c094b13b15de, 9511749efbf4fada, 1bcf40d07e15bcbe, 3f19a9acd64d4879, 872279df8fcbfc15, eb31cc92e2e2da74, 105eeb147bd65d03, 8654579ca2ac1b87, 68b818a2702978a9, c7922d275972869c,
0b338528e99e4519, 270ea710bd825839, e901e09d1acd587f, 261cac0473c1ae59, 93e7c3b17ffbaa1b, 0742ec43c4cc7990, d1c75c9f55e256bc, 4c417010670f5985, 9ec099e8b4553483, 97f775dd7a79613c, 2b4b6eaf9fb46afd,
0b781e252555ded0, f5273267729612cb, 4fd6aca1e62befc6, b0d326332d9d3d84, 33d6e1193416f6cc, 33f059ccee26b64d, a6734f02643c72db, 079e6fab3b175e35, 5cd291c1388bd72c, 13db75812661c8b2, 3ac94c95ae94d85d,
0b9e584bdca5a7be, 80f4cd2b7b78ec09, 94b90845fb68206b, b8288364729d77ce, d61917e22fbbab95, 244f2e018cdafcea, 0c026a0d4f91ae40, 3e53101f37109fdf, 7e49e81793937fce, 2b6d4e8cb0031d67, 457a8b7285cbbd26,
0d31e0e335f82a9d, 773800279be98ff2, c656defe45ae7a6d, e8e6128471a867ef, f1123f4ec1dfe477, ab91f1cebc264be0, a5133fe6e0dd8d24, ca1f55fcf44cea7f, b465864c51cb6d54, bfb3a81d84fb7df7, d0f6cb9556d6992f,
0d7bd683e783d599, 56347f7a667226bf, 98a5bba53e6cc42f, 0641799d2ae8556e, 1ecec120bf0eb126, 5c32c3c564ac4088, ddecf1049b9c3491, ccb269cac6b64982, 0801eb4a42530635, 9adfdc98d9c0b12f, 1e314b207c72057b,
0df698a06e01a390, 530c93283cdd8bf3, 07ff06bd3cbcb537, 451c6bfe67cbe069, 910692294adce3e7, 7e3879ee6bce48cc, a770bc3615e6745e, 872016637bf20fbb, 7536d0711019e3d9, 4a9b7f119740ae68, 73c834bd6a2a5b5b,
0df92ca2d40cec64, 83b61e4bd1089df8, e5c478c9d481f1bf, fcf93e285185f895, ad0d4e7cfabbfdd9, dc288c894e6ed346, c48243b697369d6e, b6968c5b6c0b960f, 486298d51c245cac, aad5e64c0a13686b, aabbda52822d1c56,
0e7397df7fd312ce, 6c68bac91408ba82, b465864c51cb6d54, bae012197de79766, fffab42e299f8ed3, c63e56bd19098227, 77537597d9b24323, 4dde99edb523340c, ca1f55fcf44cea7f, 5623bbc4c809a4cc, 77e334fd966f0f4b,
0ea4e86ece18084f, b179d73549bfe752, 66d3a94c3fe6fb11, 8a7c6ae84df7f33b, 5eec130448487967, 63f07644d5943316, c67f0d729ea84da2, 2b4b6eaf9fb46afd, 4cdd4b1b923e172f, a0fb348b944533b3, ca161b6e9714fd3e,
0edcddb0067e4455, 991356fd9cca382a, 10f5e74521a736f3, cda3061b8d4bfce2, 923e39dedb51d1a8, da48be1928ea7bc4, 07a41e624644151f, 6027a224f72e468b, 38ee1a58e16bf793, e1abd393a4e9f349, 67e312deea78994a,
0f0d2912ea5762fa, f57701d19dd88650, f705b150c60599c6, 161bd65d42fbe5e3, ba84aa11e8894a6f, 37900a43ce99860e, ad20a896fa2c6915, 48829a26b47bc580, 2da75a6c6982157d, 3e5110a958ad564d, a70aea671019594b,
0fb237abdd66b909, b023f11f68edf696, 158f13bc141cee5e, 04db41e892503ea5, bced989df4d7ae85, 9a4c57ee7de19784, 26205301517a6e51, 8f7a662873c6fa13, 855bf3173d79922e, 291b3b6e1dead8b3, c33d4a078f2ce109,
0fdd14ff2f48242b, 9f9a6143ed869333, fb00ea623fbed627, e242faffd9310aac, eb31cc92e2e2da74, c7922d275972869c, 1bcf40d07e15bcbe, a6f7c094b13b15de, ea1d188e0203c951, 47b5093962d3cb73, 4dec685f557682a2,
103ced91bd12ab51, 81d1582a9194597c, fffab42e299f8ed3, bae012197de79766, c63e56bd19098227, 9255812f3ae0f40b, 5623bbc4c809a4cc, 7d15571bea85756e, 77e334fd966f0f4b, 77537597d9b24323, b465864c51cb6d54,
104099027f2cc0ff, aabbda52822d1c56, 58e2e4c2866b8156, 6677b938c69778f8, b023f11f68edf696, 29f6e5e7ae5f685a, c448b84daadc57e8, 965275d34d0f89ec, 9570fce20a31bb7d, 158f13bc141cee5e, 79ba682ef819ae5e,
10814b4d920c2eb4, 2eb42546f5cb39e6, fc301f2bb201139f, 8856d38d08f259c5, 2c46c0a618b0732f, dc72dda704d4616c, cbdaa566fd32f59d, 359bcf86ff6212b0, de47876ec73674e0, 9c4bd4eb3edb14ad, 7d7dd41259ef4202,
1109ad3ee69c2473, fc301f2bb201139f, 405807eed50f2eaf, 4edb87bb8cadbe60, d07539c5a712a53a, 359bcf86ff6212b0, 267286bd83f98d3e, 2b6d4e8cb0031d67, 0c026a0d4f91ae40, 194db68f05bb2dfe, bced989df4d7ae85,
1183232318c4221c, 1f1ceadb8583f6f6, d9ab94d27e717ff0, ec82ff14729ea116, 2574f77bd6082120, cbab3e631c9dbc12, 92738e9a717674e6, 6386521530c114eb, 32ccb0ad6a7ee005, 777f5db730d5d95f, bd8ee6aa799595a7,
12e55d38b8ca8c66, f7204c85b369ce9f, 4c1fd7f3b8053f67, 7ece70900527123d, 2c3728c772fb8aca, 9d7634a0050fcd52, f4b8d4a68c6faa75, 2478010da5cf93a2, 12225ea8ab9e860e, e1b082c96c6cded2, 1b7475ac1a5e556d,
13d5e6ceb15c931e, 899cc0a55f0f85ed, eb31cc92e2e2da74, ea1d188e0203c951, 80e8ef80f8eccca6, e242faffd9310aac, 9511749efbf4fada, 949492214a130dc9, f6bc422f71e83fc6, fb00ea623fbed627, c7922d275972869c,
1546bd71b40b4668, 73e004a21ff2a9ba, eb31cc92e2e2da74, 872279df8fcbfc15, 105eeb147bd65d03, 8654579ca2ac1b87, c362f124e5460ab8, a6f7c094b13b15de, 9570fce20a31bb7d, 4f501c7758edcdce, 1bcf40d07e15bcbe,
15abd451929d0e4c, 7a87b67b0131a746, e3862d66164c53ff, 5e22125798c92538, fefb3e99264bc5c3, 7d14ec047c61d1d1, 49e3049a16acd975, 62348bf9f0029a05, ef56d4406c67838b, c1b870502c0dc2fb, de4098de88f951e5,
186cab325dd6786f, d5f1872ca80c4a53, ca74c94ab81c05c3, 5636bb6a1f466e84, 35b9912a06788b4b, 4cdd4b1b923e172f, 8a7c6ae84df7f33b, 66d3a94c3fe6fb11, d21def25b8a78a70, 16a4bd9021a9123f, 63f07644d5943316,
19f40da0c26a3d8e, e5c2e595548adcab, 2ee42207f172ad59, 4241941db0533577, 9918d68cf4fd0eca, 7056bd2475be43c7, dd59af1a6d9944b9, 4ddbe89eb7a2c499, 80250efbfba73142, abb10dcaf147da42, d38fb47eaf9424d1,
1a367d627a2e73d3, a3e06903dbfbd3be, 959b2938d430fddd, d906124fbc11ff7c, 17839105c39b756a, 88a0f53d6df0b8ba, a1e813eaf12ca82c, e1e7fecec37adc76, c10de12681700db4, c7c55470be468915, 82712dd9e0a21f80,
1a459249ef33382b, 5397028fa938ea1a, b023f11f68edf696, b81ae0d318ea92bb, c19a5e1fa4ff02a2, 576235154932541d, 540b246707d92014, b936670f3ec605e1, 4910278ad0dc040e, 73c834bd6a2a5b5b, bb869e10d334f47c,
1a89794b0a6d85a3, 075d5dcb92254f44, 2747510d98c3ca0c, e0252e05dc897bfe, 7b15fcf39975bf5c, 1cea2aa05cfbc018, b6be4b7cefd850c3, ca04ec08de4af071, 7db07ff993820159, fd3f6e65c5042596, 51b8bd3ed5289743,
1abbbcd1718e9e43, 27d6b7205b7fda50, f4b8d4a68c6faa75, 6f2dab32c6ba9e79, 846a547490d6e42e, 4c1fd7f3b8053f67, 216006bd2a05d45a, 841573f051c59952, 2478010da5cf93a2, 7ece70900527123d, f7204c85b369ce9f,
1afe9a8ff5d04b6e, fb8d46528cbf4151, c971b6870cdff10d, 12d48e4f968ce37e, 1c4dcfb190169c6c, b56f52fa78eecb50, 4241941db0533577, c21ff53a26c9ca5f, 656918c15d286436, 1b0e5f56e61cd246, 66d680d7423b8650,
1c306d9b28dabe7a, b2b11f2093fc9206, b2694ff078bae7f1, c6c6206b0cd2dea8, 45ef589b78d2a036, 89140eec9da5ddbe, 8e23eca8b94850c7, 35725c7590ad025c, 51dcb35f6f07d6ff, 62510c6fbd12177f, 9c55da38ec81d544,
1cb4562f6497ee55, 154225ccaeb83c35, 42ffb5b5b9db4af6, 09f38711907d7fa4, 55b676f1d2e0b982, 7806fd37c097bc93, 6f7b93bb76c9a530, a2d111b84bfcd954, 8a3775b29c0913ca, 6227459081302193, d3cae9ffb17c62e8,
1d9d16f3e10d4952, 204cde0306b0d8f1, 47563bb709253942, 914c03c277b6860a, afaffd6d8dc0e369, f8afb8d0cf140e6d, 64d5b3d012ae3282, 200db0f7427f528d, 49e3049a16acd975, c1b870502c0dc2fb, 1c12d43882773398,
1e5d9cb9b704808a, 0d9cf4ccb45e26d1, 061c52b442612c40, 913dc9b8d69a860f, 6df4cf913b35581c, 6a02b78a28f58233, 32c1a29dfa16f044, f0afa51a606f2cc9, ba77df7ebcd5951f, acd9ed22e218eca2, fbf3bf0b2683ed62,
1e7dfad97e603b7e, b023f11f68edf696, a9b3469e8526956b, 855bf3173d79922e, 58e2e4c2866b8156, 04db41e892503ea5, 6abe5d7b0a9ecf82, fc301f2bb201139f, abf4994734d54b28, 81485a6a6281a9d4, 3f5d08b7ff1b73e8,
1eb1044265070cbf, d937bd7fbe86e19d, a88825b3038fdbc6, 7b5765293d0ef83b, 3b7582ed17ced647, 9d1e09c9cb7beb0e, 8d4ef216e6853de0, f5bd3448588b3f58, c8c9148c4b554189, 52c17cefc8484f91, e55a43b42ae4cd61,
1fa372bec947c390, 39a7417d8059058e, 460807ab30dee578, 4130157adde696b2, a1943d59620c2331, d402dab645f84cb7, 87093a5ccbb898bd, 289e58d9947023dd, e976497568735d23, c435988ce703a8e1, 496b7ad701162531,
1fe3e8f62c427cea, 745d28efddd51711, c782e9b194354ec7, bd8ee6aa799595a7, 95d1a408c6b65053, 4bd7e9d38fde6f4c, 65e9fbe4a87909a9, 3a0036d7dd404ad8, 343f965d08b5d97d, 57419983ff24fb16, bd22953557a8b857,
1fe9952cb95ba935, 1754173aa6bfeb66, 016102bdda7de86f, dfbd794ab7692f96, 6722dfedb16ffc08, bcb089a2f4b82358, 498d0725c6e56753, a9550c7a9fc9cf3d, d4de4a4f857c69ad, 42636efea1b3bb7a, 5d111fdd61ebdd85,
2074243bd5a82122, 1591583dcdbf6376, 3fcbffb75b013170, 6bb8482b6a9c1334, 259036a201e39876, 33b3951b5de05f5a, 66ac30c842b1d22e, bdfe4e9c28b9681f, 2390a9227b2d1c2d, 7573d2d8cbebf048, 74abcf776a62e11e,
20c24fab0f876e68, 252c684f68a409df, ff8b10742f70ce7a, ee54e9ab8fc827a5, 482a6f9dbc97f9ea, aef8459369628d76, d6472a38acc18287, 75d0c355eade4aa9, 63a511411cadd624, 73c834bd6a2a5b5b, 54e3d506f768988c,
20fc4d1e8a355843, 2c6d69c8ab056597, ea529fa93f32c8c6, 7420b934fdea13bc, a1955e508e688efe, 8ea9a818631db01a, 3e69cd2c0792c40b, 3dfd39589ebe171c, 10104f19f69ac842, be10cb7489c8dd5e, 0582108923d39530,
2103637bd14b2de9, 899b35588a037d87, 87d08a99eb636d29, a4fdcf47994cd5cd, d80fe1f35c6ea621, b465864c51cb6d54, d0f6cb9556d6992f, ca1f55fcf44cea7f, 71ec1417178dc030, 19779d2a9ed6e79a, b5301ac3c350a690,
21dc2e1842cc58bf, 89405a8f94203d69, cdcd0df8d7ee2d54, 52dc80e72d156e42, ad645ff340a7117a, 3654e78eabad19c5, 261b97b3ad0d7167, ee45c9516b6be7a7, de4da230124543b7, 2d59e46dcdf26219, abc768236b0c6987,
21eae100eab08c4e, c66e9409c0ef232c, 36f16d0b6a26de5d, e11178a8d3282a98, 1e314b207c72057b, 5966437d6068a591, ddecf1049b9c3491, 1ecec120bf0eb126, 5c32c3c564ac4088, ccb269cac6b64982, 4658eb88f29146de,
233fcca9924a926e, c5055103408c49d6, 496b7ad701162531, efb79fec08de4e8a, 87093a5ccbb898bd, 18e3e5235ca9137c, c435988ce703a8e1, 460807ab30dee578, 289e58d9947023dd, a1943d59620c2331, b391423cb445267e,
235dd350f15ed5e3, 4fdcf03feb9e63ab, 77d47c35dbf7a0d0, fbc2e71dcbde7df8, 5b08c028cff98eb6, 37243c4e4bfca18b, a625ca0061561551, 4e8f810741705755, 80f369fc0af0861c, d8971d0c300d4328, a8d88c49139613c1,
2528dcbc5bbbe1ec, edf66952e3523fac, 796a2b337cb1f06f, b6fbe82fb845721b, 85871286089edd9c, 54c79aea8736ddde, ec91cececd56bb29, fda286e520fb9956, 86de61ae55d195e6, b0d62d272bfcd9b7, e5c2e595548adcab,
2555ff2e78b27998, b023f11f68edf696, 28ed708bb51b0fe0, 3041c5b685a9bc3b, c9f1fe8ba29c6986, dfbbd06228ef9cf2, 855bf3173d79922e, cb3f1fbc8d659c52, 194db68f05bb2dfe, 00b6bfb7bf26620d, fc301f2bb201139f,
2590e0d96934c1a0, 49e3049a16acd975, de4098de88f951e5, c1b870502c0dc2fb, 64d5b3d012ae3282, 7a87b67b0131a746, c02a89788e21aafd, 8ae0060d73b1507c, 175bfb3498cdab5b, 62348bf9f0029a05, e7676c0d3e612203,
266a8c1ffc1e54a4, a73deb3757b760da, 7994c84e041b2b27, 09054f723a056aa1, 3ac94c95ae94d85d, 079e6fab3b175e35, 4fd6aca1e62befc6, cd9e99a4732fbd0c, d4f07c1d88b20516, 56c946801b843178, 838f260dd736446e,
275909fb18c4319c, dacc8040ad9f6840, b1c1a8ec0e804e0e, 3b7582ed17ced647, 5397028fa938ea1a, 25166e9b64b0651f, b936670f3ec605e1, b81ae0d318ea92bb, 3e54ebf4b96f55ce, 4affe82f4df347cf, 95fa503f699f3656,
2768682739820a37, bced989df4d7ae85, 405807eed50f2eaf, 7e49e81793937fce, 8e878547d49d552d, 267286bd83f98d3e, 2b6d4e8cb0031d67, e56bf1952ab680a8, d61917e22fbbab95, d07539c5a712a53a, b8288364729d77ce,
2804bce60a00bfbd, 29f6e5e7ae5f685a, e5c478c9d481f1bf, 7777b4c40f3b7fb3, d3c1f23e705bb5df, 7e8c101801204e38, 5789a14ac37adfab, 289e58d9947023dd, 2c6d69c8ab056597, ea529fa93f32c8c6, 2e27e01bf46e2bcf,
281ab2af0b8ad649, b2ba215f0efa2311, 2e59e43a73dd5094, 2c89b29bd98318d9, a55e1afa263db48d, 64acf74a080fba20, 8856d38d08f259c5, 3c61d67976119a9f, 359bcf86ff6212b0, dc72dda704d4616c, b9b7050c149c1b5f,
2834a3a72f0ae533, cb681b3d95b65dd2, f895a7463e642f02, a70aea671019594b, 2da75a6c6982157d, 3e5110a958ad564d, 48829a26b47bc580, b9af1a757c9cef43, f705b150c60599c6, 96a76cabf0345add, 37900a43ce99860e,
2840169c3e2fba8c, 14b3376374397633, 86ac80b4e84fe040, c1eddb83cdf28510, d0b33caef8ac901c, b2c67d404f58d775, 4f05448a208dbf48, d98eed4b215b04bf, bc0d8ad85075e6b0, c9c21befbfff81cc, 4e2dd2c449a6b7fc,
2940770f94d522af, e4adc31a18808351, 9fcf921704075917, b0d62d272bfcd9b7, 97417d2c6ce6f451, ec91cececd56bb29, ac23d88e9d913054, 225cdcd8d4addb48, 95fa503f699f3656, 2e1d6eb3aa16861e, 6f3162e323a6a65c,
29b9c3f8b0d6ff80, 6c40486c71d974ae, a1446c5666d6d017, 387165f8487531be, 5b08c028cff98eb6, 033d65d3e35b2671, f4d242445b4d3b91, ed46cc6d19acac30, 196ee48d3b877c59, 2d909910d04f07f2, 3a019cbc46e08794,
2b8b9057618acece, 2d909910d04f07f2, 0803b30f59284a03, 86de61ae55d195e6, 3a3836908f4e3e65, ed46cc6d19acac30, 387165f8487531be, 6b9b5d0b0a4d8e90, a1446c5666d6d017, 6c40486c71d974ae, 328aa61de158791d,
2ec33497008d33e4, 14fcc931d794268c, 42f21f8b92a9d8f2, a7c635265de65dca, a3172bcd38de1aa8, cd9e99a4732fbd0c, a6734f02643c72db, 13db75812661c8b2, 3ac94c95ae94d85d, 4fd6aca1e62befc6, 33f059ccee26b64d,
2fcbf522580f369d, 8f7a662873c6fa13, c73519e05b2b594b, 794c30da18882fcf, 850eb962affdd6dd, 486ab5a51d11f7a8, 505b681af92f5142, d2e69e01583ebbc5, 893897d6b5f64f16, 4a62bccdde464d42, a7a598610340e72d,
357c989ca0249784, a0965634ea2d7e8e, 67e312deea78994a, 991356fd9cca382a, 10f5e74521a736f3, 07a41e624644151f, 26d48ef679edf443, da48be1928ea7bc4, 923e39dedb51d1a8, 2690ebc03cbe003e, e1abd393a4e9f349,
363977411ce1d87e, a4a930a399987ee7, c7953a74726a75c1, 252c684f68a409df, 482a6f9dbc97f9ea, 73c834bd6a2a5b5b, 63a511411cadd624, 576235154932541d, ee54e9ab8fc827a5, d6472a38acc18287, ff8b10742f70ce7a,
3794a2e075b1c9ac, 910692294adce3e7, ff46c47458a71479, 530c93283cdd8bf3, ecb37ba0b62a0aab, 78eb6d25ed083f8f, 07ff06bd3cbcb537, bd269361164ea4d0, e825b81f4ebb7c1d, 610ca8d7fb06c00e, b9df465d81f05290,
38352af650005047, 77537597d9b24323, 6c68bac91408ba82, fffab42e299f8ed3, c63e56bd19098227, b465864c51cb6d54, 5623bbc4c809a4cc, bae012197de79766, 4dde99edb523340c, 77e334fd966f0f4b, d9ab94d27e717ff0,
3b2ced0c752d540b, afcf8d93f5e1963e, b2dbc1863f586920, f09a44626232cca3, cd440bd8c220ec88, e5f5fa34d3567094, f714d4f5473bfff4, b023f11f68edf696, 361e639690bd5a98, 3eb28d16594b49ac, 26e81cc461ed374d,
3ba2c8f1bb739ad5, e0e5c3ed52db0d5f, 25881e92c6fcb609, e2409bdd2c6af7fd, c576aa2b2ab5164c, 645330f6fffa7773, 14283a1971c102e6, f95af1575bb2422a, d38fb47eaf9424d1, 63d2dab2323c96ef, 7e87801683760f08,
3ca8c99f80d3ef4b, 4d4a2bb77caeaed4, 8e36960243e46d18, a8fde1c4b536eadf, 92cc39c4ac108e15, 9598187004ef11e8, 71792c1371f27d05, 8dd54d89d864295c, 8f41dbb80311d33a, 7c62fabfe1d74b3d, c7755950f5238332,
3d02c8457afb1550, 8538538f70172640, 79e4cfe929d021cd, be01ca7d243ba5e7, 64d5b3d012ae3282, de4098de88f951e5, a4b57c42be3874de, 47563bb709253942, c02a89788e21aafd, f8afb8d0cf140e6d, 914c03c277b6860a,
3dd4e7767a767424, 12f71818adc41506, b9df465d81f05290, 1a1c327651cf21f9, 869ffe47056f6b2a, 610ca8d7fb06c00e, ecb37ba0b62a0aab, 910692294adce3e7, 78eb6d25ed083f8f, 2f831b2103a7b6e6, 4a9b7f119740ae68,
4169bd75d79208a6, 289e58d9947023dd, e976497568735d23, 460807ab30dee578, b391423cb445267e, d402dab645f84cb7, c5055103408c49d6, 4130157adde696b2, 18e3e5235ca9137c, 44029169595f3869, 39a7417d8059058e,
41c12c1b30e5d5f3, 773800279be98ff2, e8e6128471a867ef, 10033988f221600d, 4b2585ee63c9894f, c635e8b9d06dd1c9, ca1f55fcf44cea7f, c656defe45ae7a6d, 81d1582a9194597c, b465864c51cb6d54, 1d1b45a2be2aeda8,
42aa62752d7893eb, 615c10c9fdde595a, d4f07c1d88b20516, 66c5a23d4eb4525a, a71d53e8d4dde302, ba2c96cb9f88e732, 0fbb7d8f9cc0ce96, 2d59e46dcdf26219, f1423fac87350a6a, eae69bc842e837e2, 8df7d62a0e84c6fd,
4381463e99e9ac5d, 7e49e81793937fce, 405807eed50f2eaf, d61917e22fbbab95, b8288364729d77ce, 0c026a0d4f91ae40, 2b6d4e8cb0031d67, 80f4cd2b7b78ec09, 94b90845fb68206b, 8e878547d49d552d, 244f2e018cdafcea,
4445169bfe0652d0, bfb3a81d84fb7df7, f1123f4ec1dfe477, 4e077e58feb19698, c70cb9f1ed8a64bf, 42aa9865f1339107, d0f6cb9556d6992f, a7709b21b1373e55, ed4ff2c038fb95bd, 82d2e5dfe1b490fe, 7b618e4e8de347f6,
45748b2bc8582568, 7eeeec6560fa41d8, e1e7fecec37adc76, 82712dd9e0a21f80, 01e52ffde4e037f9, 77e334fd966f0f4b, a3e06903dbfbd3be, 6b3dd8e044efbb58, 79d83a8a0f651114, f515aae426aaffbf, 230912b3013d6089,
477daa2c8deba0a3, 405807eed50f2eaf, 58e2e4c2866b8156, 8e878547d49d552d, 2b6d4e8cb0031d67, 8fa9710d1ba60998, 244f2e018cdafcea, b8288364729d77ce, 959714d5b9c13da8, fc301f2bb201139f, 194db68f05bb2dfe,
4bab5cd7f3d972cc, 4bd7e9d38fde6f4c, 02140ee03f8899dd, 57419983ff24fb16, 777f5db730d5d95f, 3a0036d7dd404ad8, 95d1a408c6b65053, 92738e9a717674e6, ead59a8f497b5834, 2574f77bd6082120, c782e9b194354ec7,
4c16b8cbf215b4db, c9c21befbfff81cc, 9dde3c9bd8ff2801, 86ac80b4e84fe040, c1eddb83cdf28510, b2c67d404f58d775, d98eed4b215b04bf, bc0d8ad85075e6b0, 14b3376374397633, 4f05448a208dbf48, d0b33caef8ac901c,
4c4e7b94ad4374d8, 63a511411cadd624, 252c684f68a409df, 75d0c355eade4aa9, 73c834bd6a2a5b5b, ff8b10742f70ce7a, a44d9d765bae089c, aef8459369628d76, d6472a38acc18287, c9b5071e6824432c, ee9aea81138d25a5,
4d0aa3f9fcb71ee4, 6d0f6536bdf74dcc, 8f24a9410783fd3d, 4dec685f557682a2, 9f9a6143ed869333, 949492214a130dc9, f6bc422f71e83fc6, 79235d5df8f5ead6, ea1d188e0203c951, 4ba8649553e8adad, 05ece807525765f1,
4e4ca7ce99b53ba4, e1cc4319b138c6bb, 8963ddbd9a2b0b25, 487b240cfacc6b7c, 22342ab7d1e38f11, 74abcf776a62e11e, 7a82e18e8632d3c1, 035ec647a73922eb, fb75b815f04bef00, cdde17c19894b494, 3bd3fae8be3db513,
4fcf77aa857c97aa, 7e87801683760f08, ac83a621fabaf75a, eb00be573ca111f5, 9d7634a0050fcd52, 8a90f3bcf4b7d7b4, c37e9569f7495ef2, e1b082c96c6cded2, 14eea429c1717eba, 2d303cd128164228, f4b8d4a68c6faa75,
50d6f9724227f27a, b78bbfe3b2b132a6, 7d14ec047c61d1d1, 0275a828eaabe26d, 3a51647809c69170, e3862d66164c53ff, 5e22125798c92538, fefb3e99264bc5c3, de4098de88f951e5, f360e2821bd99347, 49e3049a16acd975,
539ce841ee4a659d, 6dc7a34d9cbc66a2, 2dc65a886bbb98b1, 38ca8dbaead64776, 15e1aaa2a124c73a, 4d99f9578cc24b5f, 98b3e82ebf973688, a2db1c4e70407551, 913d299af96822b9, 6ae0e952050bf6c9, 7c710f2f84a9bc5a,
5405e57a67525fe9, 26c44b8ec11256e9, 1591583dcdbf6376, 74abcf776a62e11e, 7a82e18e8632d3c1, 3fcbffb75b013170, 22342ab7d1e38f11, 8f427a0af49f6866, 8963ddbd9a2b0b25, 33b3951b5de05f5a, 2390a9227b2d1c2d,
543db78d87a581e1, 796a2b337cb1f06f, edf66952e3523fac, 907600818ee52596, 5aae9e7adabd2e74, d424e083ed1df697, 61882ba7436d6b61, 1b0e5f56e61cd246, eb6567978d2e88cb, 32fd15ff520fc8c3, 71ec1417178dc030,
5449a69b767fa06f, 093291db2c8330de, 41ac46d10e1ba6d5, 4058408b89046248, 3b85bec0faca5376, 280027b7c5c28cbc, 8279f3dca9720b37, 78f4c23ceefcea2d, 17aabb3e5a124768, f95bc0af95959992, 4cdb1799f13c62ae,
57126ec2d3ff9b83, b0d62d272bfcd9b7, b1c1a8ec0e804e0e, b0681ea3bde2a0de, 4affe82f4df347cf, 225cdcd8d4addb48, e95befa3fe2ed018, 2e1d6eb3aa16861e, 85e4400798264096, ec63660a89a2e993, 52b1eeb5e121f96b,
57dc542b91d1d304, ef0e76e83ae90078, 3dfd39589ebe171c, 7420b934fdea13bc, 3acbd9b4e0b973b6, a1955e508e688efe, 48a73b17787f59e8, cafd5a0e70c77ea4, 10104f19f69ac842, 3e69cd2c0792c40b, 9094434267231760,
580461527a995769, 24b7be63902f2614, 841573f051c59952, 557b37f525afe476, c37e9569f7495ef2, 7ece70900527123d, e284e9e80d505ed8, caf7e7c74e0adbb4, 14eea429c1717eba, 4c1fd7f3b8053f67, f7204c85b369ce9f,
5873eff70771d509, 69efac6a01fab895, 47563bb709253942, cdf423f99190936e, cc39fe113e6c1aec, d169ac28afc032ca, 7994c84e041b2b27, 05dea46d15cfa9c1, 7c5f7e66a90b6895, f8afb8d0cf140e6d, 1c12d43882773398,
595fe21d01f58596, 4fcd65f2f2c765ba, c971b6870cdff10d, 12d48e4f968ce37e, fb8d46528cbf4151, 1c4dcfb190169c6c, 682a0294d4f3b233, 5829dca85fc4fe33, ac85e852da8a14cd, abb10dcaf147da42, 5b1cfd59ed6c1d33,
5ab3ddbd0c081130, dceed8d120ffbd40, 051ef33a6991a461, 4ff1f73717996c6c, 7c9a4783ce1fabf5, 86f514861ce9f624, bbeca77220e629ed, 91d1fdff4bca6f5b, 3a523d8c94ef5d15, de4da230124543b7, 52dc80e72d156e42,
5b14cc4ea0d00588, 3ebd568982637156, dfbbd06228ef9cf2, 7c9a4783ce1fabf5, 86f514861ce9f624, bbeca77220e629ed, 52dc80e72d156e42, ad645ff340a7117a, ee45c9516b6be7a7, dceed8d120ffbd40, de4da230124543b7,
5e85d6c89a051f3e, f1be5b2fcc7af048, f2fad2ef7e74aa18, 225cdcd8d4addb48, b0681ea3bde2a0de, 5ffebb58a404cd98, 967068b79b920718, b0d62d272bfcd9b7, 9f885b53f1f895d7, 36d29ea229f239ae, 6ec993522e1365c7,
6050e4509d2ccf1a, 08ba08bc9f5c15e7, 0466c2a1f83338e9, 5b0b8ced3d34709c, d1fcd1fcc91baa7d, 3f92ede2a45da52b, b81ae0d318ea92bb, 26205301517a6e51, 6abe5d7b0a9ecf82, b87cb7109a681820, b023f11f68edf696,
610997e4de92f5ba, b71b32f6ff066847, 2c115502bccc1316, 2da75a6c6982157d, ba84aa11e8894a6f, 161bd65d42fbe5e3, 6666107fb4e2407c, a70aea671019594b, ad20a896fa2c6915, a9f8ffb4db17afaa, b9af1a757c9cef43,
61dbc85e0045926c, 9dde3c9bd8ff2801, 1fc70f8bd4223f88, cf756f92d6304304, c9c21befbfff81cc, 14b3376374397633, b2c67d404f58d775, 86ac80b4e84fe040, c1eddb83cdf28510, d98eed4b215b04bf, 9dba404a23f66dec,
631a18e96379cff3, c7922d275972869c, a6f7c094b13b15de, 3f19a9acd64d4879, 1bcf40d07e15bcbe, eb31cc92e2e2da74, 80e8ef80f8eccca6, 9511749efbf4fada, 899cc0a55f0f85ed, 9f9a6143ed869333, e242faffd9310aac,
6382639f238693a9, 8f24a9410783fd3d, 6d0f6536bdf74dcc, 9f9a6143ed869333, 4dec685f557682a2, 949492214a130dc9, f6bc422f71e83fc6, 4ba8649553e8adad, 80e8ef80f8eccca6, ea1d188e0203c951, 899cc0a55f0f85ed,
652b581d6b09b8ef, 980f160d690c4582, c4dfba8a47b43cdc, 334b998514e571c5, 6674f1c0578c889c, 2e59e43a73dd5094, 64acf74a080fba20, bfc768526ffdf682, 5e94626e37af3df4, 52c17cefc8484f91, c8c9148c4b554189,
662ccf933e1a85f1, 77c5bd38fd900b43, 6a85d32073b26266, 5e94626e37af3df4, b7c72e2c3f1b8e70, 3c61d67976119a9f, 4e991ead44c4a93e, 64acf74a080fba20, 980f160d690c4582, 52c17cefc8484f91, 7e19656d11f70b46,
665348c058761e2b, 9c4bd4eb3edb14ad, ee54e9ab8fc827a5, 7f2f9999c59ecfab, 6f8398a1c875e1f4, e163be7f0e76431f, 7a35758f0ab0d4a6, aef8459369628d76, d6472a38acc18287, 252c684f68a409df, 482a6f9dbc97f9ea,
66b67468db84459c, 7994c84e041b2b27, 079e6fab3b175e35, cdf423f99190936e, 33d6e1193416f6cc, a73deb3757b760da, b0d326332d9d3d84, a9a91f38dca06b91, d4f07c1d88b20516, 66c5a23d4eb4525a, 47563bb709253942,
67ab7c86d09e38cb, ec82ff14729ea116, d9ab94d27e717ff0, 1f1ceadb8583f6f6, bfb3a81d84fb7df7, 6386521530c114eb, 82d2e5dfe1b490fe, 28d4c3a5a7a40dc0, 4ff4681989e050a9, 42aa9865f1339107, 2574f77bd6082120,
6baca74a58ac3f82, fed35ce3b74a59ab, f95d606621170699, 07cd0815ea21fd9e, 189bce0beb6c6c0b, 6b3dd8e044efbb58, 604bcb85ab9bf1b3, 01e52ffde4e037f9, a3e06903dbfbd3be, 82712dd9e0a21f80, e1e7fecec37adc76,
6bb4f5856b1c1fea, f84869b647772ea9, 6d147c51117c0203, 0919b2856a9244a7, 6ec993522e1365c7, ec82ff14729ea116, 0cf3e698af48ed96, 0cc9e2c93e8a6d5f, cbab3e631c9dbc12, 2574f77bd6082120, fe980ac6f7dd8ef3,
6bfdbd8f23f27190, 7d1cd573f15ff61d, e143c19157c3bd41, 8a7c6ae84df7f33b, 6922289b46e25b9e, d3be51e2f39236b6, b066512909b4069c, 93e7c3b17ffbaa1b, 16a4bd9021a9123f, 97f775dd7a79613c, 2b4b6eaf9fb46afd,
6c5e906a446a188c, b1c1a8ec0e804e0e, 4affe82f4df347cf, e95befa3fe2ed018, 54c79aea8736ddde, 225cdcd8d4addb48, b0d62d272bfcd9b7, 3e54ebf4b96f55ce, 95fa503f699f3656, ac23d88e9d913054, ab2b38f0ca107cd5,
6c8aa6982a50038e, d61917e22fbbab95, b8288364729d77ce, 80f4cd2b7b78ec09, 94b90845fb68206b, 244f2e018cdafcea, 2b6d4e8cb0031d67, 3e53101f37109fdf, 7e49e81793937fce, 0c026a0d4f91ae40, 405807eed50f2eaf,
6d2af944fee8853e, 7e49e81793937fce, 405807eed50f2eaf, 80f4cd2b7b78ec09, 94b90845fb68206b, 244f2e018cdafcea, b8288364729d77ce, d61917e22fbbab95, 0c026a0d4f91ae40, 3e53101f37109fdf, 2b6d4e8cb0031d67,
6d99117a57dea22c, 991356fd9cca382a, 923e39dedb51d1a8, cda3061b8d4bfce2, 967068b79b920718, 67e312deea78994a, da48be1928ea7bc4, 10f5e74521a736f3, 6027a224f72e468b, 4177bbd8d5df2d8c, 781f9418c76ae9e7,
6e56c159d5ed0b70, ff46c47458a71479, e825b81f4ebb7c1d, bd269361164ea4d0, ecb37ba0b62a0aab, 910692294adce3e7, 8b30ae2e3d2ed492, 0bbc2e74c65e3e2b, b997b14c205c68f3, 78eb6d25ed083f8f, 869ffe47056f6b2a,
704936a7f247c138, 1146eed4e9f23100, f95f7901ede0dc70, 21fb4c9f46c19af2, 913dc9b8d69a860f, 0d9cf4ccb45e26d1, 66d680d7423b8650, 7ef795af72aec089, a996559eb76ecb17, 8f34b72886465cb1, e2409bdd2c6af7fd,
7140b726c3f52db6, 45ef589b78d2a036, b9b7dc5add5b4469, b5301ac3c350a690, c6c6206b0cd2dea8, 9856848943af9d34, 624c1f1dc7a3edd9, 46e5fd071bc06c1d, b2b11f2093fc9206, b2694ff078bae7f1, 35725c7590ad025c,
71b229bfd0eab56b, 47563bb709253942, 69efac6a01fab895, f8afb8d0cf140e6d, 8538538f70172640, 05dea46d15cfa9c1, 1c12d43882773398, 79e4cfe929d021cd, 64d5b3d012ae3282, 2b5deaae00b2553d, a4b57c42be3874de,
72d40384b9e24af3, 1b7475ac1a5e556d, 841573f051c59952, f7204c85b369ce9f, 7ece70900527123d, 9d7634a0050fcd52, 4c1fd7f3b8053f67, 27d6b7205b7fda50, 216006bd2a05d45a, 3da0a2246f066c91, 6f2dab32c6ba9e79,
75d4c838276bcd8e, 9918d68cf4fd0eca, d38fb47eaf9424d1, fb8d46528cbf4151, 4a274c34806dcaa2, 682a0294d4f3b233, 553d42d09fad9231, 7122037c40ebbb6e, 5829dca85fc4fe33, 2ee42207f172ad59, dd59af1a6d9944b9,
762faa8f8ad65165, cb3f1fbc8d659c52, 2d59e46dcdf26219, dc72dda704d4616c, ec63660a89a2e993, 79ba682ef819ae5e, 926732a67d61a1b0, 48e04289d03929d0, ab91f1cebc264be0, adc711648871fd20, 0cf3e698af48ed96,
76c4aa81c7d28061, fc301f2bb201139f, 405807eed50f2eaf, 359bcf86ff6212b0, 4edb87bb8cadbe60, 244f2e018cdafcea, 4f501c7758edcdce, 3e53101f37109fdf, 7e49e81793937fce, 10033988f221600d, bced989df4d7ae85,
78984f1196672585, b5301ac3c350a690, 9856848943af9d34, 2c6d69c8ab056597, ea529fa93f32c8c6, 0582108923d39530, 3fa37e760785a8e4, 10104f19f69ac842, 8e29aa30151e75cd, eb8dc04022ec0dbd, 8396f707bbb9752f,
791602df38dbbb42, 4a93e1570b541a16, 73c834bd6a2a5b5b, 75d0c355eade4aa9, 63a511411cadd624, a44d9d765bae089c, ff8b10742f70ce7a, 252c684f68a409df, 85e10e498f14e0e7, c9b5071e6824432c, ee9aea81138d25a5,
7944c0cd3bb0a817, 9fcf921704075917, 95fa503f699f3656, abf4994734d54b28, 73020a1dcf7cf0a0, 3e54ebf4b96f55ce, 4049911df5371842, 4affe82f4df347cf, e95befa3fe2ed018, b0d62d272bfcd9b7, 85e4400798264096,
795f0e02251a4927, 777f5db730d5d95f, 6291188eb36cfdf8, 4bd7e9d38fde6f4c, 95d1a408c6b65053, 3a0036d7dd404ad8, 92738e9a717674e6, 02d67279fa7e17a1, 1ed9b4d01fb49d25, 8756c4ed367a0f4a, 2574f77bd6082120,
797dc8ccdb87ddfe, 2a29db820bb0a450, 5a44332bcca3c314, 7056bd2475be43c7, b997b14c205c68f3, 05dea46d15cfa9c1, 1c12d43882773398, 80250efbfba73142, 9918d68cf4fd0eca, 74790e28173622e6, 0a312acc97bda9b1,
7999a38c1cfd85e5, 967068b79b920718, a7b73d1ff7af77fb, 38ee1a58e16bf793, da48be1928ea7bc4, cda3061b8d4bfce2, 67e312deea78994a, 4177bbd8d5df2d8c, 026b986fe0daa9f0, 6027a224f72e468b, 923e39dedb51d1a8,
799c64e5fb197076, 06eddcdae51858e4, 1591583dcdbf6376, 46eedee856414406, b5fb3f753c9ce8ad, 8963ddbd9a2b0b25, 8f427a0af49f6866, 487b240cfacc6b7c, bdfe4e9c28b9681f, 3fcbffb75b013170, 31c6f07252eca4e2,
79b75c7a938ce110, c25bd249f597c92c, 86de61ae55d195e6, 069c5ae501f0170f, 089a47c46d4fa1ad, 3cc40dffec3190d4, 4570d3a6384a2d8f, e5c2e595548adcab, 7e2024a5d2d50334, a8d88c49139613c1, 033d65d3e35b2671,
7a1b37c776a51e96, b2694ff078bae7f1, 51dcb35f6f07d6ff, 8e23eca8b94850c7, 45ef589b78d2a036, 89140eec9da5ddbe, 0a8ec152965d67ba, c6c6206b0cd2dea8, 9c55da38ec81d544, b2b11f2093fc9206, fe5c5c0982da7642,
7aa8bbf681b853eb, da48be1928ea7bc4, 38ee1a58e16bf793, 4177bbd8d5df2d8c, 6027a224f72e468b, e1abd393a4e9f349, 026b986fe0daa9f0, 67e312deea78994a, 10f5e74521a736f3, 967068b79b920718, 923e39dedb51d1a8,
7afa6ac140006e71, 244f2e018cdafcea, d61917e22fbbab95, 80f4cd2b7b78ec09, 94b90845fb68206b, 3e53101f37109fdf, b8288364729d77ce, 0c026a0d4f91ae40, 2b6d4e8cb0031d67, 267286bd83f98d3e, d07539c5a712a53a,
7f5ff8176c312c5c, 6e93c8f423533973, 5434fe394afb1a02, da2fac4b9b0befaa, c5055103408c49d6, af59ee483d50770c, c635e8b9d06dd1c9, 9d3e1ec3251f9913, c435988ce703a8e1, f1123f4ec1dfe477, ca1f55fcf44cea7f,
8011927ddcda75c8, b023f11f68edf696, 158f13bc141cee5e, 9a4c57ee7de19784, 6abe5d7b0a9ecf82, 405807eed50f2eaf, 4049911df5371842, b0be7ff7a5160903, 194db68f05bb2dfe, 291b3b6e1dead8b3, c33d4a078f2ce109,
81291ec306ded8d2, 105eeb147bd65d03, 8654579ca2ac1b87, 73e004a21ff2a9ba, eb31cc92e2e2da74, 872279df8fcbfc15, a6f7c094b13b15de, 9511749efbf4fada, 1bcf40d07e15bcbe, 9570fce20a31bb7d, c7922d275972869c,
8140c41c41ad84bc, 33d6e1193416f6cc, a73deb3757b760da, b0d326332d9d3d84, f5273267729612cb, 33f059ccee26b64d, 079e6fab3b175e35, 4fd6aca1e62befc6, 5cd291c1388bd72c, 13db75812661c8b2, a6734f02643c72db,
818da0fdb31b17d7, 1669fd0b342772c1, ef56d4406c67838b, 5e22125798c92538, fefb3e99264bc5c3, 62348bf9f0029a05, e7676c0d3e612203, 96b0213a0c2bc9f0, 67f03aa9d3a9e87e, c38aee0272671417, 7d14ec047c61d1d1,
81b8add42c5946a6, c024e78ff1d74390, 7b33c3cfc81b4d44, a9f8ffb4db17afaa, 96a76cabf0345add, 2c115502bccc1316, d5bd7ac438c661bd, d266e55ddf0d844c, 266dce7dfc394076, a1ebf38658aa4f63, 48829a26b47bc580,
84c8d3067417683c, 6386521530c114eb, 1480bd4959cd7f20, 1f1ceadb8583f6f6, 32ccb0ad6a7ee005, 12bf750ea7fc51da, 9f885b53f1f895d7, 28d4c3a5a7a40dc0, 4ff4681989e050a9, adc711648871fd20, 0cf3e698af48ed96,
8684f28786b5ea60, a160a9e26a7677f5, a9b3469e8526956b, a0fb348b944533b3, 9faefea458f4ffc4, 8f34b72886465cb1, c61ec3965ca4e886, 328aa61de158791d, 7ef795af72aec089, e1a8ab1ffa372fff, 03bb6865c9e90447,
868eef393b007523, ab5cf6e06d9927fb, e163be7f0e76431f, 6f8398a1c875e1f4, a44d9d765bae089c, aef8459369628d76, d6472a38acc18287, 73c834bd6a2a5b5b, 7f2f9999c59ecfab, c9b5071e6824432c, ee9aea81138d25a5,
871fa728e3db4eba, c9c21befbfff81cc, 14b3376374397633, b2c67d404f58d775, 86ac80b4e84fe040, c1eddb83cdf28510, 9dde3c9bd8ff2801, d98eed4b215b04bf, d0b33caef8ac901c, 4f05448a208dbf48, bc0d8ad85075e6b0,
875a4053fcfd5eb0, 7c5f7e66a90b6895, 7526e1a191a5f4aa, 2c554c4256949f27, fd3f6e65c5042596, 51b8bd3ed5289743, d78be21561ef3eaa, e0252e05dc897bfe, 7b15fcf39975bf5c, 1f2459b1b521cf88, 4cf3712beab1a479,
89ac0ad71dc6bdff, 91bf1ff87a7d41be, 82d2e5dfe1b490fe, 7b618e4e8de347f6, e514466beefb82b9, 4e077e58feb19698, c70cb9f1ed8a64bf, a7709b21b1373e55, 0cc9e2c93e8a6d5f, d0f6cb9556d6992f, 23ea58480c70ad96,
8a1447201cb6eb81, 4a93e1570b541a16, 63a511411cadd624, 872016637bf20fbb, 42ffb5b5b9db4af6, 73c834bd6a2a5b5b, 60bdf13c1e7bf756, 252c684f68a409df, be01ca7d243ba5e7, b373c95641f9fd38, 6227459081302193,
8af4bb687f955d3c, 4b2585ee63c9894f, e8e6128471a867ef, 1b443fab3d2a6a0a, 773800279be98ff2, 10033988f221600d, 81d1582a9194597c, c656defe45ae7a6d, 8c40ea93cc4360f5, 5434fe394afb1a02, 9255812f3ae0f40b,
8ba1d5ad0fe38013, b373c95641f9fd38, 540b246707d92014, b936670f3ec605e1, 38296c1a92f6bf1e, 66d3a94c3fe6fb11, 8ed6ea1870acec0b, 5eec130448487967, d78be21561ef3eaa, c19a5e1fa4ff02a2, 02871f83d0edbb85,
8bb8bebaf7f07b5e, 79ba682ef819ae5e, 926732a67d61a1b0, 2561075265258b7c, 71ae69b1f724f042, 7e2024a5d2d50334, fc301f2bb201139f, 3cc40dffec3190d4, 194db68f05bb2dfe, 158f13bc141cee5e, b4151952239d4f42,
8de92ed700e0fe94, b465864c51cb6d54, bfb3a81d84fb7df7, 5434fe394afb1a02, ca1f55fcf44cea7f, ab91f1cebc264be0, 6c68bac91408ba82, e8e6128471a867ef, 28d4c3a5a7a40dc0, 4ff4681989e050a9, c656defe45ae7a6d,
90e1a2c5516ce0ef, 77c5bd38fd900b43, 6a85d32073b26266, 5e94626e37af3df4, b7c72e2c3f1b8e70, 3c61d67976119a9f, 4e991ead44c4a93e, 64acf74a080fba20, 980f160d690c4582, 52c17cefc8484f91, 7e19656d11f70b46,
91714e2392b82108, 460807ab30dee578, e976497568735d23, d402dab645f84cb7, 39a7417d8059058e, 4130157adde696b2, 44029169595f3869, 289e58d9947023dd, be03e263177d24fa, a1943d59620c2331, c5055103408c49d6,
922031c5bfac417f, 23512da4c419648e, ddcd6f9da894d9ef, 97f775dd7a79613c, 0742ec43c4cc7990, d1c75c9f55e256bc, 35b9912a06788b4b, 4c417010670f5985, 7944972edd4ee040, 93e7c3b17ffbaa1b, e143c19157c3bd41,
92e2ca55671acb6f, 7ef795af72aec089, 1e2b2ca7bf7a43ee, 328aa61de158791d, 03bb6865c9e90447, a4fdcf47994cd5cd, 8f34b72886465cb1, 913dc9b8d69a860f, 743b8b14e019c950, 0d9cf4ccb45e26d1, 19779d2a9ed6e79a,
92ff622abf98a998, 63a511411cadd624, 576235154932541d, 73c834bd6a2a5b5b, 252c684f68a409df, aef8459369628d76, d6472a38acc18287, a44d9d765bae089c, ee9aea81138d25a5, c9b5071e6824432c, 19ee042bf887604b,
944cda91ed5587f2, 74abcf776a62e11e, 1591583dcdbf6376, 8f427a0af49f6866, 6588e99fdd51c90c, 3fcbffb75b013170, 66ac30c842b1d22e, 6bb8482b6a9c1334, bdfe4e9c28b9681f, 3554c8e950740ea3, 7a82e18e8632d3c1,
9761e68ead069da1, c38aee0272671417, 62348bf9f0029a05, a4b57c42be3874de, efba7d2121d58f74, ef56d4406c67838b, c1b870502c0dc2fb, 5e22125798c92538, fefb3e99264bc5c3, 0a312acc97bda9b1, 64d5b3d012ae3282,
985650c28d296f20, 460807ab30dee578, 289e58d9947023dd, a1943d59620c2331, ccb45a32b9a0b590, c435988ce703a8e1, c5055103408c49d6, b391423cb445267e, 87093a5ccbb898bd, 496b7ad701162531, efb79fec08de4e8a,
99592347f580436a, c635e8b9d06dd1c9, ca1f55fcf44cea7f, f927ad27974f9a4c, 1d1b45a2be2aeda8, 861b357094fe3ea3, b465864c51cb6d54, 4dde99edb523340c, aabbda52822d1c56, 8a1085cadcd52dca, e5c478c9d481f1bf,
99e43074d4a56ddf, d0f6cb9556d6992f, 82d2e5dfe1b490fe, 4e077e58feb19698, c70cb9f1ed8a64bf, 23ea58480c70ad96, bfb3a81d84fb7df7, ab91f1cebc264be0, ed4ff2c038fb95bd, 8a1085cadcd52dca, 7b618e4e8de347f6,
9a35b68b39a2ae1d, 52b1eeb5e121f96b, 6f3162e323a6a65c, 9a4c57ee7de19784, 07e91b85656e7119, ec63660a89a2e993, 4affe82f4df347cf, b0d62d272bfcd9b7, 73020a1dcf7cf0a0, 9fcf921704075917, abf4994734d54b28,
9b166a68c02ad16e, 3b7582ed17ced647, 25166e9b64b0651f, 0e07ee2a273e4c6b, b936670f3ec605e1, 2c89b29bd98318d9, 46f896c326327e24, 3c61d67976119a9f, 5e94626e37af3df4, 8d4ef216e6853de0, 9d1e09c9cb7beb0e,
9d7e7b6cb35fc511, f95bc0af95959992, 280027b7c5c28cbc, 498d0725c6e56753, a9550c7a9fc9cf3d, 2ae1287a948d1e91, dfbd794ab7692f96, 093291db2c8330de, d4de4a4f857c69ad, 5d111fdd61ebdd85, 41ac46d10e1ba6d5,
9e40f446d01da3b5, 5669ddbf670fd54c, 7eeeec6560fa41d8, 959b2938d430fddd, d906124fbc11ff7c, a3e06903dbfbd3be, 200db0f7427f528d, 189bce0beb6c6c0b, 82712dd9e0a21f80, fed35ce3b74a59ab, e1e7fecec37adc76,
9e8a1b1445eecca7, 5829dca85fc4fe33, abb10dcaf147da42, 7056bd2475be43c7, c971b6870cdff10d, e9225f3ffe85bd10, 682a0294d4f3b233, 2ee42207f172ad59, dc288c894e6ed346, 21fb4c9f46c19af2, fb8d46528cbf4151,
a199220fecd9bf53, b2dbc1863f586920, afcf8d93f5e1963e, f09a44626232cca3, e5f5fa34d3567094, cd440bd8c220ec88, f714d4f5473bfff4, 361e639690bd5a98, 3eb28d16594b49ac, 26e81cc461ed374d, 786e5da7ebb4bff6,
a31c5d27a7fb1347, 8b30ae2e3d2ed492, bd269361164ea4d0, 5a44332bcca3c314, 3c49e66d2db24853, ff46c47458a71479, b997b14c205c68f3, 03345121355ba8a9, 869ffe47056f6b2a, e825b81f4ebb7c1d, fd3539672b303bbb,
a3e09f85aebc611c, 58e2e4c2866b8156, e52d9f3a18fc40f7, bfe2474b9e669fc6, ccb269cac6b64982, 1ecec120bf0eb126, 5c32c3c564ac4088, 36f16d0b6a26de5d, e11178a8d3282a98, 26e81cc461ed374d, 786e5da7ebb4bff6,
a51dbd68acf94ee9, b2b11f2093fc9206, b2694ff078bae7f1, c6c6206b0cd2dea8, 8e23eca8b94850c7, 89140eec9da5ddbe, 62510c6fbd12177f, a2d06d6ec1a3227b, 45ef589b78d2a036, 51dcb35f6f07d6ff, afb46e7aa30b863c,
a5e268ddcdf74e70, 959714d5b9c13da8, 58e2e4c2866b8156, bfe2474b9e669fc6, 38296c1a92f6bf1e, cbc61ed68610c245, 2fe8784421af8a8e, 59a38cb9749fe9da, 8fa9710d1ba60998, a9b3469e8526956b, 26e81cc461ed374d,
a6029a4c2edc29fa, fbf3bf0b2683ed62, 71ec1417178dc030, 87d08a99eb636d29, 0d9cf4ccb45e26d1, 6df4cf913b35581c, 7ef795af72aec089, a4fdcf47994cd5cd, f0afa51a606f2cc9, 584704cac2e1f469, 061c52b442612c40,
a64d6ae6ae4bb2b7, f5273267729612cb, 33f059ccee26b64d, 4fd6aca1e62befc6, 33d6e1193416f6cc, 079e6fab3b175e35, b0d326332d9d3d84, 5cd291c1388bd72c, a6734f02643c72db, 13db75812661c8b2, 3ac94c95ae94d85d,
abccb9b4eba53a93, 87d08a99eb636d29, 7ef795af72aec089, 6df4cf913b35581c, 061c52b442612c40, 71ec1417178dc030, 6a02b78a28f58233, a4a81c9e44071b43, ba77df7ebcd5951f, 8f34b72886465cb1, eb6567978d2e88cb,
ac61e67f95368f48, d59e95e52054e36b, 645330f6fffa7773, f81d285241a7e1b2, 19d13003c413f158, 2ef2f1167d857809, 12225ea8ab9e860e, 1b7475ac1a5e556d, 4a274c34806dcaa2, 14283a1971c102e6, e284e9e80d505ed8,
ae2f94b379dbbc9b, 2d59e46dcdf26219, 03345121355ba8a9, b997b14c205c68f3, 86d0cb2c5894d0ca, bd269361164ea4d0, 610ca8d7fb06c00e, 0fbb7d8f9cc0ce96, 0499d1cdb5322c87, 5a44332bcca3c314, 3ebd568982637156,
af2b631f13e94d2e, 73c834bd6a2a5b5b, a44d9d765bae089c, d6472a38acc18287, 75d0c355eade4aa9, c9b5071e6824432c, ee9aea81138d25a5, aef8459369628d76, ff8b10742f70ce7a, 63a511411cadd624, 85e10e498f14e0e7,
b1ec25fae1e42d33, 73020a1dcf7cf0a0, abf4994734d54b28, 4049911df5371842, 86de61ae55d195e6, 959714d5b9c13da8, 9fcf921704075917, 9a4c57ee7de19784, 158f13bc141cee5e, 107ca53de41d20f0, 6c40486c71d974ae,
b2f3027467ae8270, 06eddcdae51858e4, 46eedee856414406, b5fb3f753c9ce8ad, 487b240cfacc6b7c, 3bd3fae8be3db513, 8963ddbd9a2b0b25, 1591583dcdbf6376, 31c6f07252eca4e2, bdfe4e9c28b9681f, 8f427a0af49f6866,
b3e4b750b8f71f96, fb8d46528cbf4151, 5829dca85fc4fe33, 12d48e4f968ce37e, 4fcd65f2f2c765ba, 21fb4c9f46c19af2, c971b6870cdff10d, 5b1cfd59ed6c1d33, ac85e852da8a14cd, 3904aef691c2a379, d38fb47eaf9424d1,
b4aeb36e9fafb882, a3e06903dbfbd3be, e1e7fecec37adc76, 79b02eff91273e68, 82712dd9e0a21f80, 17839105c39b756a, 189bce0beb6c6c0b, 959b2938d430fddd, d906124fbc11ff7c, 88a0f53d6df0b8ba, a1e813eaf12ca82c,
b504c06d42c18133, afcf8d93f5e1963e, 4910278ad0dc040e, b2dbc1863f586920, e5f5fa34d3567094, 58e2e4c2866b8156, 291b3b6e1dead8b3, c33d4a078f2ce109, e483c8d2e447d853, 0641799d2ae8556e, c25bd249f597c92c,
b54fbdcbde253f05, 5623bbc4c809a4cc, c63e56bd19098227, 61c2a9b620ad4264, 77e334fd966f0f4b, 77537597d9b24323, fffab42e299f8ed3, bae012197de79766, 62abb4fd309649cc, ca1f55fcf44cea7f, ebd38827bdea7f92,
b596b7e74feaae20, 8ea9a818631db01a, a1955e508e688efe, 7420b934fdea13bc, 3e69cd2c0792c40b, 3dfd39589ebe171c, be10cb7489c8dd5e, 463f7016856d70b8, eefb1ffc33cf1cce, 81031c64b396f103, 56871e62b6a2e371,
b67558f6e74c5bc1, 154225ccaeb83c35, 71792c1371f27d05, 8e36960243e46d18, 8a3775b29c0913ca, a8fde1c4b536eadf, 92cc39c4ac108e15, 9598187004ef11e8, c7755950f5238332, 7c62fabfe1d74b3d, 8f41dbb80311d33a,
ba298b679a9f4b2f, 940fe0d5a99b4685, 907600818ee52596, 71ec1417178dc030, a4fdcf47994cd5cd, 87d08a99eb636d29, 4acb89cc5105c1df, 61882ba7436d6b61, 7d3856fcde790e0a, 8f34b72886465cb1, 899b35588a037d87,
bace64ca9cb05d6e, 3041c5b685a9bc3b, cdf423f99190936e, 9abc742811b5ecfd, 79ba682ef819ae5e, 926732a67d61a1b0, be01ca7d243ba5e7, cc39fe113e6c1aec, 7994c84e041b2b27, 1d1b45a2be2aeda8, d169ac28afc032ca,
bb0a766798f40241, 496b7ad701162531, c435988ce703a8e1, 460807ab30dee578, efb79fec08de4e8a, ccb45a32b9a0b590, 87093a5ccbb898bd, c5055103408c49d6, 289e58d9947023dd, 18e3e5235ca9137c, a1943d59620c2331,
bb434a9ee055543a, 540b246707d92014, b9b7050c149c1b5f, b936670f3ec605e1, b1c1a8ec0e804e0e, 46f896c326327e24, 0e07ee2a273e4c6b, b0681ea3bde2a0de, dacc8040ad9f6840, 77c5bd38fd900b43, bfc768526ffdf682,
bbd34deeb961cb63, 682a0294d4f3b233, 5829dca85fc4fe33, 2ee42207f172ad59, dc288c894e6ed346, abb10dcaf147da42, 4241941db0533577, 7056bd2475be43c7, fb8d46528cbf4151, 4fcd65f2f2c765ba, c971b6870cdff10d,
bc02f9a5b79d6737, 3f92ede2a45da52b, 0c2b6db01256db79, ea3b11e4ea20b936, 0466c2a1f83338e9, 5b0b8ced3d34709c, 26205301517a6e51, d1fcd1fcc91baa7d, 0f263a346d810683, b023f11f68edf696, 08ba08bc9f5c15e7,
bc850c1a2b640f3a, 261b97b3ad0d7167, 8ed6ea1870acec0b, 4cdd4b1b923e172f, 3cc40dffec3190d4, cbc61ed68610c245, 7e2024a5d2d50334, 5eec130448487967, 4a90785f81f7adee, e1a8ab1ffa372fff, 1ac34a691af90eb5,
bdc22c4ccab497aa, a6f7c094b13b15de, 872279df8fcbfc15, 8654579ca2ac1b87, 8df7d62a0e84c6fd, 105eeb147bd65d03, 1bcf40d07e15bcbe, 9570fce20a31bb7d, 9511749efbf4fada, c362f124e5460ab8, eb31cc92e2e2da74,
bded90b0f96ae057, 51dcb35f6f07d6ff, 9c55da38ec81d544, 78f4c23ceefcea2d, 41ac46d10e1ba6d5, afb46e7aa30b863c, d53ee9eb34d5ab38, b2b11f2093fc9206, 89140eec9da5ddbe, 3a3836908f4e3e65, 44df05cd140f6962,
be15b91c1906f23c, 3f8d2e2962d2fb21, 26d48ef679edf443, e5c478c9d481f1bf, a7b73d1ff7af77fb, 2690ebc03cbe003e, 7994c84e041b2b27, 07a41e624644151f, a9a91f38dca06b91, 38ee1a58e16bf793, 10f5e74521a736f3,
be2f6c4715b501c9, 959b2938d430fddd, d906124fbc11ff7c, a3e06903dbfbd3be, 5669ddbf670fd54c, 189bce0beb6c6c0b, e1e7fecec37adc76, c7c55470be468915, 88a0f53d6df0b8ba, a1e813eaf12ca82c, 17839105c39b756a,
c15477dc75c7f62d, fffab42e299f8ed3, 4dde99edb523340c, 77e334fd966f0f4b, bae012197de79766, 7134e0c2948e0bb4, 81d1582a9194597c, 77537597d9b24323, c63e56bd19098227, 6c68bac91408ba82, 5623bbc4c809a4cc,
c1898c1a0b442e8f, afaffd6d8dc0e369, 32b7e7bca1f0283f, 7933811cc20df5f2, c782e9b194354ec7, 4ee9ab28f5b1f6c6, 47563bb709253942, 745d28efddd51711, bd22953557a8b857, 84e5bb3834d27855, 0ecc5b5b3fb76575,
c2bd57294b475521, 8f34b72886465cb1, 7ef795af72aec089, bc5f4fc16f35254b, 6a02b78a28f58233, 0d9cf4ccb45e26d1, 6df4cf913b35581c, a160a9e26a7677f5, a4fdcf47994cd5cd, 328aa61de158791d, 3ffb305c3a593ddd,
c5948a9559f68ed6, baacef1b7c6d6099, 37900a43ce99860e, 266dce7dfc394076, 3e5110a958ad564d, 9f1eb43f98a957ca, 77d47c35dbf7a0d0, a70aea671019594b, cb681b3d95b65dd2, f895a7463e642f02, 4e9562752b38c05c,
c5de4f599fa5012e, 4e077e58feb19698, c70cb9f1ed8a64bf, 82d2e5dfe1b490fe, a5133fe6e0dd8d24, d0f6cb9556d6992f, 7b618e4e8de347f6, e514466beefb82b9, bfb3a81d84fb7df7, f1123f4ec1dfe477, a7709b21b1373e55,
c8d5970204e00bda, 32a4bb37625bcd6c, b87cb7109a681820, e07f14a92009e1cc, 08ba08bc9f5c15e7, 5397028fa938ea1a, b023f11f68edf696, b474bdbf59026b96, 6abe5d7b0a9ecf82, bf5cb57483f8faf2, 97d89d240e61e807,
c9de91d47da58d73, 1480bd4959cd7f20, 1ba791a649db4b0a, ef4dce14db225c52, 4c71d84cee22823c, 91bf1ff87a7d41be, a5133fe6e0dd8d24, 3616ef86874eda29, 6ec993522e1365c7, 7b618e4e8de347f6, e514466beefb82b9,
ca4f6d77e90e6c12, 175bfb3498cdab5b, 7a87b67b0131a746, c02a89788e21aafd, 49e3049a16acd975, f8afb8d0cf140e6d, 8ae0060d73b1507c, de4098de88f951e5, 914c03c277b6860a, 64d5b3d012ae3282, 2b5deaae00b2553d,
ca90198d4ca9c5b4, b8288364729d77ce, 244f2e018cdafcea, 359bcf86ff6212b0, 3e53101f37109fdf, d61917e22fbbab95, 267286bd83f98d3e, cbdaa566fd32f59d, d07539c5a712a53a, 0c026a0d4f91ae40, 4edb87bb8cadbe60,
cb4c2dcbc0d7c5a9, 6dc7a34d9cbc66a2, 15e1aaa2a124c73a, 7c710f2f84a9bc5a, a2db1c4e70407551, 4d99f9578cc24b5f, 6ae0e952050bf6c9, 2dc65a886bbb98b1, 38ca8dbaead64776, 913d299af96822b9, 98b3e82ebf973688,
cbc4e1438d26ca3e, 8b71d99e71ee2493, ccb269cac6b64982, 36f16d0b6a26de5d, e11178a8d3282a98, 1ecec120bf0eb126, 5c32c3c564ac4088, c66e9409c0ef232c, e52d9f3a18fc40f7, 1e314b207c72057b, 5966437d6068a591,
cdc36582779f8399, 62abb4fd309649cc, ebd38827bdea7f92, 61c2a9b620ad4264, 77e334fd966f0f4b, 7134e0c2948e0bb4, 1a5f63cf8e93a20d, 50fa00dadffa9faf, b74f2e28a011c10b, 5623bbc4c809a4cc, 4dde99edb523340c,
d10366ba426d1f46, 645330f6fffa7773, 913d299af96822b9, d59e95e52054e36b, f360e2821bd99347, 19d13003c413f158, 7056bd2475be43c7, 98b3e82ebf973688, 9f0435aa4e70204a, e284e9e80d505ed8, 8a90f3bcf4b7d7b4,
d147cad497abd771, f57701d19dd88650, 161bd65d42fbe5e3, 37900a43ce99860e, a9f8ffb4db17afaa, ba84aa11e8894a6f, ad20a896fa2c6915, 96a76cabf0345add, 423463aedce6caf7, 48829a26b47bc580, 3e5110a958ad564d,
d1f8263fa93305d2, 26d48ef679edf443, 7ce00070745fe72e, 07a41e624644151f, e1abd393a4e9f349, d03f3692f2d99c62, 31c2934c690727f0, 026b986fe0daa9f0, 4bec2788e63ec70e, 10f5e74521a736f3, 5829dca85fc4fe33,
d20780aa395c2f2f, 0ecc5b5b3fb76575, 51ddc1cdab41bc68, c782e9b194354ec7, f35742120e648287, bfdd7ed49f084b54, 1ed9b4d01fb49d25, 745d28efddd51711, 9d3e1ec3251f9913, 362d4105e902c6b5, 9f885b53f1f895d7,
d34cd308e9bf11a6, 66d680d7423b8650, 3335a262e796b7a4, 0609991f90310f96, 621ce4654b93f31b, 17839105c39b756a, 604bcb85ab9bf1b3, 656918c15d286436, 743b8b14e019c950, 01e52ffde4e037f9, aad5e64c0a13686b,
d34f8022493dd6cf, bd269361164ea4d0, b997b14c205c68f3, 5a44332bcca3c314, 8b30ae2e3d2ed492, e825b81f4ebb7c1d, ff46c47458a71479, 03345121355ba8a9, 869ffe47056f6b2a, 3c49e66d2db24853, 610ca8d7fb06c00e,
d3715fef7f4d5d8b, c5ddf8a392bf8c32, a3172bcd38de1aa8, 39607121a57cb264, 9dba404a23f66dec, ac88ce6bac41458d, e242faffd9310aac, c362f124e5460ab8, 872279df8fcbfc15, 20fd38ba868574ac, 8654579ca2ac1b87,
d4744e8d1873f5ed, 5829dca85fc4fe33, 7122037c40ebbb6e, 4fcd65f2f2c765ba, fb8d46528cbf4151, c971b6870cdff10d, 2ee42207f172ad59, 21fb4c9f46c19af2, 1c4dcfb190169c6c, ce7ac0b49a8b6786, 12d48e4f968ce37e,
d5ad35afa05f8c9e, bbb18a74efe075b0, 7c62fabfe1d74b3d, 8e36960243e46d18, 92cc39c4ac108e15, 9598187004ef11e8, 6227459081302193, 60bdf13c1e7bf756, 8dd54d89d864295c, a2d111b84bfcd954, 6f7b93bb76c9a530,
d61102c34c72fa73, 2d59e46dcdf26219, 225cdcd8d4addb48, df62542f72f677f4, dfbbd06228ef9cf2, 741707c0a5a8fa42, 261b97b3ad0d7167, 066acd007970d6ac, de79929cfa8ee22b, cb3f1fbc8d659c52, e8e21f781dc7b1a1,
d6712c0cab3aa0de, 592253e940b16823, 6722dfedb16ffc08, dfbd794ab7692f96, 498d0725c6e56753, a9550c7a9fc9cf3d, 772995718b0cae31, 9161f95e940779c0, d4de4a4f857c69ad, 6fa0dc90a54bc013, 9d8b849617640e1c,
d67ef4982df03760, 505b681af92f5142, 451db07d52f7b067, 4a62bccdde464d42, 794c30da18882fcf, 3c4f8217c2d5a20d, bba51240b663550f, b41ff98cfc16f9d9, 850eb962affdd6dd, 361e639690bd5a98, 83394325e11c60c0,
d76d71f3ccb09368, 44e7dfbe5813a177, 4a90785f81f7adee, 5b1cfd59ed6c1d33, 63d2dab2323c96ef, 3904aef691c2a379, d21def25b8a78a70, f81fb0f117963530, dc288c894e6ed346, 12423af2fb2f0817, 7fec52fb843454bb,
d7bc457b9e709ea0, 9856848943af9d34, b5301ac3c350a690, b9b7dc5add5b4469, 624c1f1dc7a3edd9, 46e5fd071bc06c1d, 855bf3173d79922e, 616dfebda663425f, 45ef589b78d2a036, a7a598610340e72d, c6c6206b0cd2dea8,
d84a279f59fc27a2, 16a4bd9021a9123f, 7d1cd573f15ff61d, 8a7c6ae84df7f33b, a0fb348b944533b3, 6922289b46e25b9e, d3be51e2f39236b6, e143c19157c3bd41, 4cdd4b1b923e172f, 9faefea458f4ffc4, 7fd2b13a57f5b493,
d932f6d6048f8f0a, d80fe1f35c6ea621, a4a81c9e44071b43, 913dc9b8d69a860f, 7ef795af72aec089, 87d08a99eb636d29, 29bba4f8683b72ef, 8f34b72886465cb1, 19779d2a9ed6e79a, 1146eed4e9f23100, 061c52b442612c40,
d9b2807a71d0476a, a8d88c49139613c1, a1446c5666d6d017, 5b08c028cff98eb6, 553444fb5af9ae81, 069c5ae501f0170f, 089a47c46d4fa1ad, ed46cc6d19acac30, 6c40486c71d974ae, 3a019cbc46e08794, 4e8f810741705755,
d9f0470fe9ace085, e825b81f4ebb7c1d, 910692294adce3e7, ff46c47458a71479, bd269361164ea4d0, 869ffe47056f6b2a, 78eb6d25ed083f8f, 1a1c327651cf21f9, 3c49e66d2db24853, b9df465d81f05290, 12f71818adc41506,
da00a0f148acbb2a, eb87bfb066718a3c, 328aa61de158791d, 743b8b14e019c950, 83b61e4bd1089df8, 4241941db0533577, 63d2dab2323c96ef, e2409bdd2c6af7fd, 28bea68cf39feb7b, 21fb4c9f46c19af2, 03bb6865c9e90447,
da2867817620c1d9, ff8b10742f70ce7a, 75d0c355eade4aa9, aef8459369628d76, 482a6f9dbc97f9ea, a44d9d765bae089c, d6472a38acc18287, 252c684f68a409df, 73c834bd6a2a5b5b, 63a511411cadd624, 54e3d506f768988c,
da8c6377adf2923f, 4f05448a208dbf48, 14b3376374397633, bc0d8ad85075e6b0, b2c67d404f58d775, d0b33caef8ac901c, d98eed4b215b04bf, 86ac80b4e84fe040, c1eddb83cdf28510, c9c21befbfff81cc, 4e2dd2c449a6b7fc,
daa5e2cf31ce9819, e5c478c9d481f1bf, c448b84daadc57e8, 83b61e4bd1089df8, 68b1891f8a7e85ca, 9570fce20a31bb7d, aabbda52822d1c56, 29c76c218c03867a, b6968c5b6c0b960f, 5789a14ac37adfab, 47b5093962d3cb73,
dbade091031b8334, 10f5e74521a736f3, 838f260dd736446e, 923e39dedb51d1a8, 38ee1a58e16bf793, 991356fd9cca382a, e1abd393a4e9f349, da48be1928ea7bc4, 67e312deea78994a, 2690ebc03cbe003e, 6027a224f72e468b,
dc62877371b5463f, 4d99f9578cc24b5f, 6dc7a34d9cbc66a2, 6ae0e952050bf6c9, 7c710f2f84a9bc5a, dd59af1a6d9944b9, 913d299af96822b9, a2db1c4e70407551, 98b3e82ebf973688, 2dc65a886bbb98b1, 15e1aaa2a124c73a,
de43678b4bdfc629, a71d53e8d4dde302, 4edb87bb8cadbe60, 79ba682ef819ae5e, 926732a67d61a1b0, 267286bd83f98d3e, ab5cf6e06d9927fb, 872ffd8118510023, fc301f2bb201139f, c7755950f5238332, 6c26f852959d98ae,
dee549f8f320eab1, 0499d1cdb5322c87, 544758c9619fc63b, 71cc9123311e6dd4, f1423fac87350a6a, 76bcdf25258ca5dc, dfbbd06228ef9cf2, a71d53e8d4dde302, eae69bc842e837e2, 3ebd568982637156, 31c2934c690727f0,
e05265ae2d6fdaa4, 026b986fe0daa9f0, e1abd393a4e9f349, 6027a224f72e468b, 991356fd9cca382a, 923e39dedb51d1a8, c48243b697369d6e, 10f5e74521a736f3, da48be1928ea7bc4, 67e312deea78994a, 38ee1a58e16bf793,
e0db96208685c9a8, a6f7c094b13b15de, 105eeb147bd65d03, 9570fce20a31bb7d, 9511749efbf4fada, 872279df8fcbfc15, eb31cc92e2e2da74, 8654579ca2ac1b87, 8df7d62a0e84c6fd, 1bcf40d07e15bcbe, c362f124e5460ab8,
e3060d3ec05981c9, 56871e62b6a2e371, a1955e508e688efe, 0dd1f1cb797d17e5, 463f7016856d70b8, eefb1ffc33cf1cce, be10cb7489c8dd5e, 3e69cd2c0792c40b, 7420b934fdea13bc, 8ea9a818631db01a, 2a40025cd9c0fa3a,
e33b6eb9384d1161, 8c40ea93cc4360f5, ebd38827bdea7f92, 1a5f63cf8e93a20d, 81d1582a9194597c, 1d1b45a2be2aeda8, 9255812f3ae0f40b, c635e8b9d06dd1c9, bae012197de79766, 4dde99edb523340c, 7d15571bea85756e,
e3b28750d53e6754, de4da230124543b7, 00b6bfb7bf26620d, c9f1fe8ba29c6986, 15bc0ac8a5b60aca, 52dc80e72d156e42, abc768236b0c6987, 4ff1f73717996c6c, ee45c9516b6be7a7, 051ef33a6991a461, 3a523d8c94ef5d15,
e3f7fbe731b2fc29, 85e4400798264096, 4affe82f4df347cf, b1c1a8ec0e804e0e, 225cdcd8d4addb48, b0681ea3bde2a0de, e95befa3fe2ed018, 9a4c57ee7de19784, 6f3162e323a6a65c, 9fcf921704075917, b0d62d272bfcd9b7,
e52ad90e91db53ac, 27d6b7205b7fda50, f7204c85b369ce9f, 216006bd2a05d45a, 24b7be63902f2614, 6f2dab32c6ba9e79, 557b37f525afe476, 4c1fd7f3b8053f67, 2c3728c772fb8aca, 7ece70900527123d, 846a547490d6e42e,
e62fb4c4215f66b6, 6722dfedb16ffc08, 498d0725c6e56753, a9550c7a9fc9cf3d, 592253e940b16823, dfbd794ab7692f96, 2ae1287a948d1e91, d4de4a4f857c69ad, 42636efea1b3bb7a, 772995718b0cae31, 9161f95e940779c0,
e7b84b34c0802789, 3bbd50084c044097, 47563bb709253942, d169ac28afc032ca, 69efac6a01fab895, cc39fe113e6c1aec, 05dea46d15cfa9c1, 200db0f7427f528d, 8ae0060d73b1507c, fed35ce3b74a59ab, 7c5f7e66a90b6895,
e83d062651b84146, 196ee48d3b877c59, 6c40486c71d974ae, f4d242445b4d3b91, 5b08c028cff98eb6, 6b9b5d0b0a4d8e90, a1446c5666d6d017, 033d65d3e35b2671, 107ca53de41d20f0, a625ca0061561551, ed46cc6d19acac30,
e854ff6526f71318, 980f160d690c4582, 64acf74a080fba20, 3c61d67976119a9f, 5e94626e37af3df4, c4dfba8a47b43cdc, 2c89b29bd98318d9, 77c5bd38fd900b43, 2e59e43a73dd5094, 334b998514e571c5, 52c17cefc8484f91,
e86ad20f2da5cca3, 8a7c6ae84df7f33b, 16a4bd9021a9123f, 4cdd4b1b923e172f, 35b9912a06788b4b, e143c19157c3bd41, 63f07644d5943316, d21def25b8a78a70, ca74c94ab81c05c3, d5f1872ca80c4a53, 5636bb6a1f466e84,
e8cc1194b51a67f8, 2da75a6c6982157d, a70aea671019594b, 2c115502bccc1316, 37900a43ce99860e, 48829a26b47bc580, a9f8ffb4db17afaa, 3e5110a958ad564d, 97cd71932a80a146, b71b32f6ff066847, f57701d19dd88650,
e8fbee3972210cde, da48be1928ea7bc4, 07a41e624644151f, 10f5e74521a736f3, 991356fd9cca382a, 781f9418c76ae9e7, 67e312deea78994a, 923e39dedb51d1a8, 967068b79b920718, cda3061b8d4bfce2, a7b73d1ff7af77fb,
ea1be431663bfb82, bfc768526ffdf682, 0e07ee2a273e4c6b, 7e19656d11f70b46, b7c72e2c3f1b8e70, 3c61d67976119a9f, 52c17cefc8484f91, 6674f1c0578c889c, f5bd3448588b3f58, 7b5765293d0ef83b, c8c9148c4b554189,
ea331b1982e2f7a0, 6f3162e323a6a65c, cb3f1fbc8d659c52, 967068b79b920718, 79450a229fc6ed9f, 194db68f05bb2dfe, 66c5a23d4eb4525a, d4f07c1d88b20516, 7994c84e041b2b27, 07e91b85656e7119, cdf423f99190936e,
ea5c1879877f24ae, 09f38711907d7fa4, 55b676f1d2e0b982, d3cae9ffb17c62e8, bbb18a74efe075b0, a2d111b84bfcd954, 6f7b93bb76c9a530, 8a3775b29c0913ca, 7806fd37c097bc93, 92cc39c4ac108e15, 9598187004ef11e8,
ec603c138c3ce472, 04db41e892503ea5, 6c40486c71d974ae, 158f13bc141cee5e, b023f11f68edf696, f4d242445b4d3b91, 215a03e4a106cb3b, 291b3b6e1dead8b3, c33d4a078f2ce109, e483c8d2e447d853, 855bf3173d79922e,
ecadc66f76c2369a, 86ac80b4e84fe040, c1eddb83cdf28510, d98eed4b215b04bf, 14b3376374397633, bc0d8ad85075e6b0, 4e2dd2c449a6b7fc, d0b33caef8ac901c, abb10dcaf147da42, 4f05448a208dbf48, b2c67d404f58d775,
ee286be3477b32f5, 8fa9710d1ba60998, 387165f8487531be, 1ecec120bf0eb126, 5c32c3c564ac4088, a9b3469e8526956b, a1aefd9a843a992e, 408ec0b9051828b3, c448b84daadc57e8, d6d78ffe46d9442b, 6a4d974f525386cf,
eee5e551d4ccc6bd, 069c5ae501f0170f, 089a47c46d4fa1ad, 2d909910d04f07f2, 107ca53de41d20f0, 3a019cbc46e08794, a625ca0061561551, d8971d0c300d4328, fbc2e71dcbde7df8, 6d0643b0f0e5a2b9, a1446c5666d6d017,
eef69ecf40f1e4f9, 496b7ad701162531, 87093a5ccbb898bd, efb79fec08de4e8a, c435988ce703a8e1, 460807ab30dee578, c5055103408c49d6, 18e3e5235ca9137c, 289e58d9947023dd, a1943d59620c2331, b391423cb445267e,
ef710b1ecfcdda49, afaffd6d8dc0e369, 42ffb5b5b9db4af6, f927ad27974f9a4c, be01ca7d243ba5e7, fffab42e299f8ed3, 68884919d378417e, 8c40ea93cc4360f5, 81d1582a9194597c, 7d15571bea85756e, ca1f55fcf44cea7f,
ef84ae4fbb542bac, 27eca4ddfaf06840, 63f07644d5943316, 7d1cd573f15ff61d, a0fb348b944533b3, 3904aef691c2a379, c67f0d729ea84da2, 16a4bd9021a9123f, f95af1575bb2422a, 2b4b6eaf9fb46afd, 9faefea458f4ffc4,
f06f11f97b34171e, 872ffd8118510023, 7d6008f09206a89c, 486298d51c245cac, 0803b30f59284a03, d6d78ffe46d9442b, 861b357094fe3ea3, e8e21f781dc7b1a1, 63a511411cadd624, 1ac34a691af90eb5, ad0d4e7cfabbfdd9,
f1219919785b0983, 3e5110a958ad564d, cb681b3d95b65dd2, f895a7463e642f02, e37307f752a7a69f, 96a76cabf0345add, c024e78ff1d74390, b9af1a757c9cef43, 266dce7dfc394076, a9f8ffb4db17afaa, d93b7a222efb4bc6,
f210a2a9e08d38f5, 175bfb3498cdab5b, 7a87b67b0131a746, 8ae0060d73b1507c, 914c03c277b6860a, c02a89788e21aafd, de4098de88f951e5, 49e3049a16acd975, f8afb8d0cf140e6d, 3a51647809c69170, 62348bf9f0029a05,
f22362c21f0d82f6, 07a41e624644151f, d03f3692f2d99c62, 991356fd9cca382a, da48be1928ea7bc4, 781f9418c76ae9e7, e1abd393a4e9f349, 10f5e74521a736f3, 923e39dedb51d1a8, 7ce00070745fe72e, 7994c84e041b2b27,
f2f33fd81ce112d3, de4098de88f951e5, 7a87b67b0131a746, 3a51647809c69170, c02a89788e21aafd, 7d14ec047c61d1d1, 49e3049a16acd975, e3862d66164c53ff, 5e22125798c92538, fefb3e99264bc5c3, c1b870502c0dc2fb,
f3153f43885031e6, a3e06903dbfbd3be, 959b2938d430fddd, d906124fbc11ff7c, 17839105c39b756a, 88a0f53d6df0b8ba, a1e813eaf12ca82c, e1e7fecec37adc76, c7c55470be468915, 30f1a3d38fc26c26, 79b02eff91273e68,
f3fdb52683cc503f, 016102bdda7de86f, 64dd0658a267e437, 387d7339a3848a16, 1754173aa6bfeb66, 90fd2e613fca46aa, c838693b0dc650a4, 3335a262e796b7a4, bcb089a2f4b82358, 743b8b14e019c950, 5e53d390bbf7a3bd,
f428a69e623c1bdf, 5829dca85fc4fe33, c971b6870cdff10d, fb8d46528cbf4151, 5b1cfd59ed6c1d33, 12d48e4f968ce37e, 4fcd65f2f2c765ba, abb10dcaf147da42, d38fb47eaf9424d1, 1c4dcfb190169c6c, 2ee42207f172ad59,
f4444b73e46e652d, a8282b097f48d239, bba51240b663550f, 6b45ba7f8a8dddb6, 656ec1f4f718069e, 4a62bccdde464d42, 3c4f8217c2d5a20d, 361e639690bd5a98, 3167c985ec512d8f, f09a44626232cca3, b41ff98cfc16f9d9,
f44878cdc1d3d5b3, a9a91f38dca06b91, 7994c84e041b2b27, 5cd291c1388bd72c, f5273267729612cb, 079e6fab3b175e35, 33f059ccee26b64d, 33d6e1193416f6cc, 4fd6aca1e62befc6, d4f07c1d88b20516, 3ac94c95ae94d85d,
f4920fe5e7ae6ef8, 5f4193d72d7a8b94, bcb3464a984ba66b, 17ad973af4bfd988, 4a9b7f119740ae68, 8538538f70172640, b997b14c205c68f3, c7755950f5238332, 8dd54d89d864295c, 351077d1905c8443, 81a2bc4b3e7764d3,
f54d13cc80046ebb, 4cdd4b1b923e172f, 16a4bd9021a9123f, 8a7c6ae84df7f33b, d21def25b8a78a70, ca74c94ab81c05c3, d5f1872ca80c4a53, 7d1cd573f15ff61d, 5636bb6a1f466e84, 2b4b6eaf9fb46afd, 66d3a94c3fe6fb11,
f5a8b672ebb79871, cbab3e631c9dbc12, 5434fe394afb1a02, d9ab94d27e717ff0, ec82ff14729ea116, 777f5db730d5d95f, 2574f77bd6082120, 92738e9a717674e6, 02d67279fa7e17a1, 0919b2856a9244a7, f1123f4ec1dfe477,
f651d329b3541e2f, 63a511411cadd624, 252c684f68a409df, aef8459369628d76, ff8b10742f70ce7a, 75d0c355eade4aa9, d6472a38acc18287, 482a6f9dbc97f9ea, 73c834bd6a2a5b5b, e163be7f0e76431f, ee54e9ab8fc827a5,
f72c7d0ad2fdf170, 7777b4c40f3b7fb3, e5c478c9d481f1bf, 29f6e5e7ae5f685a, d3c1f23e705bb5df, 604bcb85ab9bf1b3, 7b64b82174642dae, 07cd0815ea21fd9e, ccb45a32b9a0b590, 230912b3013d6089, 5789a14ac37adfab,
f789a43f655b51a9, e1b082c96c6cded2, 841573f051c59952, 6f2dab32c6ba9e79, 7ece70900527123d, 216006bd2a05d45a, 27d6b7205b7fda50, 557b37f525afe476, eb00be573ca111f5, 1b7475ac1a5e556d, f7204c85b369ce9f,
f7b003416f2bb246, 991356fd9cca382a, b2fb2518ed0e7320, 10f5e74521a736f3, cda3061b8d4bfce2, 67e312deea78994a, 923e39dedb51d1a8, 781f9418c76ae9e7, a7b73d1ff7af77fb, 07a41e624644151f, da48be1928ea7bc4,
f83c6ae7990c89f9, a6f7c094b13b15de, 3f19a9acd64d4879, eb31cc92e2e2da74, c7922d275972869c, 1bcf40d07e15bcbe, 9511749efbf4fada, e242faffd9310aac, 899cc0a55f0f85ed, 80e8ef80f8eccca6, 05ece807525765f1,
f84a350a33d1e367, 1591583dcdbf6376, bdfe4e9c28b9681f, 8f427a0af49f6866, 74abcf776a62e11e, 26c44b8ec11256e9, 3fcbffb75b013170, 31c6f07252eca4e2, cdde17c19894b494, 7a82e18e8632d3c1, 259036a201e39876,
f856dc1879b04637, 9d1e09c9cb7beb0e, f5bd3448588b3f58, d937bd7fbe86e19d, 7b5765293d0ef83b, 52c17cefc8484f91, a88825b3038fdbc6, 8d4ef216e6853de0, 46f896c326327e24, c8c9148c4b554189, a55e1afa263db48d,
f9c7a62dd13b75a9, eb31cc92e2e2da74, c7922d275972869c, a6f7c094b13b15de, 105eeb147bd65d03, 05ece807525765f1, 1bcf40d07e15bcbe, fb00ea623fbed627, 872279df8fcbfc15, 9511749efbf4fada, c362f124e5460ab8,
fa681b849dbee93b, ff0d946b081ea8f7, 493ac0bac0e888f6, b023f11f68edf696, a2d06d6ec1a3227b, 04db41e892503ea5, 3f92ede2a45da52b, 26205301517a6e51, 855bf3173d79922e, b9b7dc5add5b4469, 0c2b6db01256db79,
fa6df1184c1d7bd6, abb10dcaf147da42, 5b1cfd59ed6c1d33, d0b33caef8ac901c, 14b3376374397633, b2c67d404f58d775, 3904aef691c2a379, d98eed4b215b04bf, 86ac80b4e84fe040, c1eddb83cdf28510, fb8d46528cbf4151,
faa081a743361843, 10104f19f69ac842, 3acbd9b4e0b973b6, ef0e76e83ae90078, 7420b934fdea13bc, a1955e508e688efe, 3dfd39589ebe171c, 3e69cd2c0792c40b, 48a73b17787f59e8, cafd5a0e70c77ea4, da038b129df9b992,
fbf645015c3b9d9e, e95befa3fe2ed018, 225cdcd8d4addb48, f2fad2ef7e74aa18, 4affe82f4df347cf, 85e4400798264096, b1c1a8ec0e804e0e, 3e54ebf4b96f55ce, b0d62d272bfcd9b7, 95fa503f699f3656, 9fcf921704075917,
fc7596246d6555f3, ef4dce14db225c52, 1ba791a649db4b0a, 07ff06bd3cbcb537, a770bc3615e6745e, 451c6bfe67cbe069, 530c93283cdd8bf3, 4ba8649553e8adad, d43d5baa8c09017f, 7e3879ee6bce48cc, 7536d0711019e3d9,
fc843c9c1688dc6e, 20fd38ba868574ac, 06eddcdae51858e4, f3a8754ebdfc2309, 8fa9710d1ba60998, 2b6d4e8cb0031d67, 267286bd83f98d3e, 8f427a0af49f6866, 4049911df5371842, 405807eed50f2eaf, 244f2e018cdafcea,
fccb0c7339a81998, 6588e99fdd51c90c, 20fd38ba868574ac, 74abcf776a62e11e, 7a82e18e8632d3c1, 8f427a0af49f6866, 22342ab7d1e38f11, 035ec647a73922eb, fb75b815f04bef00, 26c44b8ec11256e9, cdde17c19894b494,
fcf795ef3096820c, b9af1a757c9cef43, b71b32f6ff066847, a70aea671019594b, 2c115502bccc1316, 86b29b366bd73cc1, cb681b3d95b65dd2, f895a7463e642f02, 2da75a6c6982157d, 7b33c3cfc81b4d44, baacef1b7c6d6099,
fdc251c31e8f5a74, 914c03c277b6860a, f8afb8d0cf140e6d, c02a89788e21aafd, 64d5b3d012ae3282, 175bfb3498cdab5b, 2b5deaae00b2553d, de4098de88f951e5, 8ae0060d73b1507c, c1b870502c0dc2fb, 49e3049a16acd975,
fe15b8a1a555c4f5, c70afa72ef2d3a7a, 80f369fc0af0861c, 4e8f810741705755, 37243c4e4bfca18b, 6d0643b0f0e5a2b9, fbc2e71dcbde7df8, 4197e650a57603a9, d8971d0c300d4328, 77d47c35dbf7a0d0, 069c5ae501f0170f,
ff4fe10a0b63b63a, 32b7e7bca1f0283f, 42ffb5b5b9db4af6, 0cf3e698af48ed96, 7933811cc20df5f2, 7994c84e041b2b27, 6d147c51117c0203, 1cb7d3f545dfebd3, 60bdf13c1e7bf756, cbc61ed68610c245, 8538538f70172640,
ff5f48d3cd9efc0c, f57701d19dd88650, a9f8ffb4db17afaa, 2da75a6c6982157d, 97cd71932a80a146, f705b150c60599c6, 37900a43ce99860e, 6666107fb4e2407c, 48829a26b47bc580, a70aea671019594b, d5bd7ac438c661bd,
